Player,Index,TotalWins
Tsitsipas S.,1,329
Djokovic N.,2,323
Khachanov K.,3,223
Rublev A.,4,293
Shelton B.,5,29
De Minaur A.,6,200
Bautista-Agut R.,7,222
Lehecka J.,8,53
Nishioka Y.,9,124
Hurkacz H.,10,183
Dimitrov G.,11,212
Murray A.,12,95
Popyrin A.,13,109
Wolf J.J.,14,60
Paul T.,15,148
Bonzi B.,16,41
Humbert U.,17,122
Korda S.,18,83
Norrie C.,19,218
Cerundolo F.,20,80
McDonald M.,21,106
Fucsovics M.,22,160
Couacaud E.,23,8
Mannarino A.,24,184
Carreno-Busta P.,25,194
Holt B.,26,9
Cressy M.,27,48
Mmoh M.,28,39
Fritz T.,29,222
Kudla D.,30,75
Schwartzman D.,31,218
Brooksby J.,32,48
Davidovich Fokina A.,33,104
Chardy J.,34,99
Eubanks C.,35,64
Griekspoor T.,36,71
Daniel T.,37,98
Kokkinakis T.,38,73
Svrcina D.,39,3
Millman J.,40,98
Sousa J.,41,130
Vukic A.,42,36
Isner J.,43,167
Harris L.,44,98
Shang J.,45,17
Nadal R.,46,259
Molcan A.,47,47
Gasquet R.,48,146
Purcell M.,49,32
Etcheverry T. M.,50,48
Carballes Baena R.,51,92
Machac T.,52,36
Tseng C. H.,53,12
Hsu Y. H.,54,9
O'Connell C.,55,55
Struff J-L.,56,164
Varillas J. P.,57,50
Berrettini M.,58,157
Krajinovic F.,59,108
Jarry N.,60,105
Bellucci M.,61,1
Bergs Z.,62,18
Bagnis F.,63,65
Galan D. E.,64,64
Giron M.,65,104
Musetti L.,66,96
Monteiro T.,67,98
Pospisil V.,68,87
Hanfmann Y.,69,91
Coria F.,70,54
Munar J.,71,90
Baez S.,72,72
Sonego L.,73,138
Escobedo E.,74,51
Altmaier D.,75,51
Nakashima B.,76,69
Lajovic D.,77,152
Ymer M.,78,87
Edmund K.,79,95
Ivashka I.,80,121
Moutet C.,81,76
Otte O.,82,45
Watanuki Y.,83,37
Nava E.,84,9
Stricker D.,85,25
Gojowczyk P.,86,97
Kotov P.,87,45
Ofner S.,88,40
Riedi L.,89,4
Andreev A.,90,0
Muller A.,91,21
Auger-Aliassime F.,92,178
Sinner J.,93,190
Monfils G.,94,149
Shapovalov D.,95,173
Cilic M.,96,176
Kecmanovic M.,97,127
Zverev A.,98,334
Andujar P.,99,50
Evans D.,100,131
Van De Zandschulp B.,101,79
Paire B.,102,133
Opelka R.,103,90
Alcaraz C.,104,157
Johnson S.,105,108
Kyrgios N.,106,131
Majchrzak K.,107,53
Tiafoe F.,108,188
Gombos N.,109,54
Albot R.,110,107
Martinez P.,111,65
Kozlov S.,112,25
Kwon S.,113,71
Broady L.,114,41
Seppi A.,115,95
Marterer M.,116,61
Dzumhur D.,117,124
Safiullin R.,118,50
Ruusuvuori E.,119,111
Basilashvili N.,120,144
Laaksonen H.,121,61
Gomez E.,122,27
Kohlschreiber P.,123,96
Skatov T.,124,11
Kukushkin M.,125,98
Lopez F.,126,87
Querrey S.,127,105
Caruso S.,128,41
Milojevic N.,129,13
Koepfer D.,130,68
Bublik A.,131,140
Duckworth J.,132,48
Delbonis F.,133,106
Djere L.,134,127
Rune H.,135,108
Fabbiano T.,136,51
De Jong J.,137,6
Trungelliti M.,138,26
Horansky F.,139,17
Popko D.,140,8
Tabilo A.,141,45
Elias G.,142,17
Medvedev D.,143,339
Fognini F.,144,168
Thiem D.,145,222
Ruud C.,146,219
Karatsev A.,147,76
Cuevas P.,148,89
Vesely J.,149,85
Wawrinka S.,150,127
Gerasimov E.,151,79
Anderson K.,152,124
Sandgren T.,153,63
Tu L.,154,7
Berankis R.,155,80
Goffin D.,156,195
Pella G.,157,103
Ferreira Silva F.,158,8
Sugita Y.,159,51
Stebe C.,160,32
Ymer E.,161,68
Stakhovsky S.,162,45
Nishikori K.,163,132
Coppejans K.,164,8
Uchiyama Y.,165,21
Bedene A.,166,97
Mager G.,167,36
Ramos A.,168,151
Bolt A.,169,37
Barrere G.,170,65
Tomic B.,171,43
Haase R.,172,75
Dellien H.,173,60
Rinderknech A.,174,69
Lestienne C.,175,23
Torpegaard M.,176,3
Sweeny D.,177,5
Wu Tung-Lin,178,15
Federer R.,179,180
Raonic M.,180,118
Verdasco F.,181,102
Thompson J.,182,108
Polmans M.,183,20
Garin C.,184,122
Ito T.,185,11
Karlovic I.,186,48
Cecchinato M.,187,96
Gaston H.,188,38
Herbert P.,189,104
Kovalik J.,190,50
Halys Q.,191,45
Gulbis E.,192,48
Vilella M. M.,193,6
Mayer L.,194,57
Giustino L.,195,7
Londero J. I.,196,50
Safwat M.,197,22
Coric B.,198,157
Berdych T.,199,59
Pouille L.,200,94
Harrison R.,201,50
Donskoy E.,202,46
Chung H.,203,69
Ebden M.,204,56
Travaglia S.,205,50
Tsonga J-W.,206,81
Granollers M.,207,35
Fratangelo B.,208,45
Vanni L.,209,6
Istomin D.,210,56
Basic M.,211,34
Troicki V.,212,53
Molleker R.,213,10
Kubler J.,214,30
Garcia-Lopez G.,215,46
King D.,216,28
Zhang Z.,217,44
Moraing M.,218,5
Lorenzi P.,219,42
Smyczek T.,220,36
Gunneswaran P.,221,29
Moriya H.,222,4
Polansky P.,223,17
Benneteau J.,224,34
Kicker N.,225,31
Dolgopolov A.,226,40
Baghdatis M.,227,41
Jaziri M.,228,55
Zverev M.,229,59
Zeballos H.,230,32
Donaldson J.,231,43
Lacko L.,232,42
Safranek V.,233,3
King K.,234,8
Brown D.,235,20
Bemelmans R.,236,34
Melzer G.,237,14
Simon G.,238,103
Ferrer D.,239,43
Sela D.,240,21
Bourgue M.,241,9
Bachinger M.,242,24
Bhambri Y.,243,27
Collarini A.,244,5
Mousley B.,245,0
Novak D.,246,46
Smith J. P.,247,16
Darcis S.,248,32
Stepanek R.,249,6
Muller G.,250,42
Berlocq C.,251,26
Young D.,252,34
Rubin N.,253,23
Haas T.,254,6
Jasika O.,255,1
Tursunov D.,256,1
Mott B.,257,1
Pavlasek A.,258,3
Youzhny M.,259,32
Mayer F.,260,15
Melzer J.,261,5
Mathieu P.,262,3
Janowicz J.,263,11
Almagro N.,264,12
Estrella V.,265,13
Kuznetsov An.,266,22
Lee D. H.,267,4
Satral J.,268,0
Ghem A.,269,1
Wu D.,270,2
Olivieri G. A.,271,3
Tirante T. A.,272,4
Zeppieri G.,273,13
van Assche L.,274,18
Arnaldi M.,275,28
Seyboth Wild T.,276,26
Mpetshi Perricard G.,277,6
Vavassori A.,278,17
Fils A.,279,35
Medjedovic H.,280,14
Draper J.,281,42
Zapata Miralles B.,282,57
Shevchenko A.,283,29
Cazaux A.,284,10
Kypson P.,285,1
Kolar Z.,286,6
Cachin P.,287,26
Gojo B.,288,32
Balazs A.,289,19
Giannessi A.,290,24
Rodriguez Taverna S.,291,0
Ugo Carabelli C.,292,9
Borges N.,293,23
Martin A.,294,21
Sock J.,295,71
Mayot H.,296,7
Diez S.,297,16
Benchetrit E.,298,8
Rodionov J.,299,26
Hoang A.,300,19
Mahut N.,301,43
Klizan M.,302,67
Maden Y.,303,31
Bolelli S.,304,25
Janvier M.,305,7
Andreozzi G.,306,27
Vatutin A.,307,18
Tipsarevic J.,308,13
Zopp J.,309,19
Silva D. R.,310,31
Olivo R.,311,31
Kravchuk K.,312,2
Robredo T.,313,11
Napolitano S.,314,10
Lokoli L.,315,3
Hamou M.,316,0
Gabashvili T.,317,3
Giraldo S.,318,19
Lu Y.H.,319,10
Bellucci T.,320,21
Robert S.,321,6
Copil M.,322,58
Hijikata R.,323,20
Mensik J.,324,5
Meligeni Alves F.,325,14
Wu Y.,326,21
Droguet T.,327,4
Cerundolo J. M.,328,27
Huesler M.,329,48
Moreno De Alboran N.,330,4
Diaz Acosta F.,331,6
Shimabukuro S.,332,7
Svajda Z.,333,9
Tien L.,334,0
De Loore J.,335,3
Brouwer G.,336,19
van Rijthoven T.,337,14
Grenier H.,338,14
Ritschard A.,339,7
Kovacevic A.,340,7
Khan Z.,341,1
Ilkel C.,342,9
Zuk K.,343,6
Rola B.,344,7
Nagal S.,345,25
Blanch U.,346,2
Gaio F.,347,18
Kwiatkowski T. S.,348,8
Krueger M.,349,36
Jung J.,350,26
Klahn B.,351,30
Schnur B.,352,16
Rosol L.,353,31
Menezes J.,354,3
Kamke T.,355,6
Del Potro J.,356,93
Altamirano C.,357,1
Hemery C.,358,13
Aragone J.,359,7
Menendez-Maceiras A.,360,27
Millot V.,361,17
Kavcic B.,362,6
Haider-Maurer A.,363,0
King E.,364,6
Dancevic F.,365,5
Barrios Vera T.,366,14
Choinski J.,367,5
Loffhagen G.,368,0
Mochizuki S.,369,12
Peniston R.,370,7
Gray A.,371,2
Clarke J.,372,6
Jubb P.,373,4
Taberner C.,374,33
Ward J.,375,6
Arnaboldi A.,376,10
Brands D.,377,15
Harrison C.,378,15
Sousa P.,379,22
Marchenko I.,380,26
Ward A.,381,2
Nardi L.,382,14
Klein L.,383,14
Quinn E.,384,3
Hassan B.,385,17
Zhukayev B.,386,8
Woestendick C.,387,0
Passaro F.,388,5
Marcora R.,389,11
Michelsen A.,390,10
Blancaneaux G.,391,11
Hardt N.,392,3
Ramanathan R.,393,41
Sec S.,394,0
Masur D.,395,10
Nanda G.,396,1
Celikbilek A.,397,15
Quiroz R.,398,15
Viola M.,399,8
Geerts M.,400,1
Lilov V.,401,0
Quinzi G.,402,5
Arevalo M.,403,21
Sarkissian A.,404,3
Ojeda L. R.,405,11
Monaco J.,406,0
Ram R.,407,5
Novikov D.,408,7
Groth S.,409,4
Whittington A.,410,4
Becker B.,411,4
Darderi L.,412,4
Berrettini J.,413,2
Chappell N.,414,4
Statham J. R.,415,8
Hernandez A.,416,1
Pacheco Mendez R.,417,0
Lopez Villasenor G.,418,5
Justo G. I.,419,0
Arconada J.,420,0
Bega A.,421,4
Gonzalez A.,422,4
Dalla Valle E.,423,0
Petrovic D.,424,3
Patino L.,425,4
Gomez L.,426,2
Ortega-Olmedo R.,427,2
Pavic A.,428,2
Krawietz K.,429,3
Carpenter K. J.,430,0
Sanchez M.,431,5
Saville L.,432,7
Heliovaara H.,433,5
Winter E.,434,0
Romios M. C.,435,0
Fancutt T. J.,436,0
Haliak M.,437,0
Nys H.,438,1
Bourchier H.,439,0
Kirkin E.,440,3
Oliveira G.,441,3
Setkic A.,442,3
Gomez-Herrera C.,443,3
Kirci K.,444,0
Guez D.,445,0
Ilhan M.,446,2
Agabigun S.,447,1
Blockx A.,448,2
Marozsan F.,449,16
Onclin G.,450,1
Bailly G. A.,451,1
Guinard M.,452,9
Miedler L.,453,5
Wessels L.,454,3
Mertens Y.,455,3
Erler A.,456,2
Ionel N. D.,457,3
Bovy A.,458,0
De Schepper K.,459,21
Griekspoor S.,460,0
Sakharov G.,461,7
Nedovyesov A.,462,2
Lomakin G.,463,0
Bondarevskiy Y.,464,0
Yevseyev D.,465,3
Ivanov S. A.,466,0
Diallo G.,467,5
Bryde T.,468,0
Banerjee S.,469,0
Pannu K.,470,2
Johns G.,471,0
Nedunchezhiyan J.,472,0
Carter A.,473,0
Pervolarakis M.,474,5
Durasovic V.,475,9
Thanos A.,476,2
Metreveli A.,477,3
Soeda G.,478,6
Kuzmanov D.,479,18
Rai A.,480,2
Lazarov A.,481,9
Reynolds F.,482,0
Purcell R.,483,0
Sekiguchi S.,484,0
Skugor F.,485,19
Tearney F.,486,3
Venus M.,487,1
Caruana L.,488,1
Barry S.,489,0
Klein B.,490,6
Sitak A.,491,0
Qureshi A.,492,6
Stabins K.,493,0
Shiga M.,494,0
Rincon D.,495,3
Martin Tiffon P.,496,1
Marti Pujolras A.,497,1
Gengel M.,498,0
Brancaccio R.,499,2
Zekic M.,500,6
Alcala Gurri M.,501,1
Roca Batalla O.,502,3
Virtanen O.,503,10
Alvarez Varona N.,504,6
Pellegrino A.,505,2
Sachko V.,506,6
Sanchez Izquierdo N.,507,1
Gimeno Valero C.,508,1
Moroni M.,509,8
Kuhn N.,510,5
Nedelko I.,511,2
Granollers G.,512,0
Cervantes I.,513,0
Montanes A.,514,2
Samper-Montana J.,515,2
Bertola R.,516,1
Kym J.,517,1
Bellier A.,518,13
Ehrat S.,519,2
Chiudinelli M.,520,5
Misolic F.,521,18
Madaras N.,522,2
Borg L.,523,1
Soderlund C.,524,0
Eriksson M.,525,2
Arguello F.,526,2
Grigelis L.,527,8
Hallquist Lithen J.,528,0
Ocleppo J.,529,1
Domingues J.,530,19
Munoz-De La Nava D.,531,0
De Greef A.,532,7
Lamasine T.,533,4
Bai Y.,534,0
Li Z.,535,3
Te R.,536,3
Dodig I.,537,6
Miladinovic M.,538,1
Ellis B.,539,0
Banes M.,540,0
Galovic V.,541,11
Peliwo F.,542,2
Piros Z.,543,11
Velotti A.,544,8
Clezar G.,545,8
Sakamoto P.,546,5
Luz O.,547,2
Mena F.,548,0
Casanova H.,549,6
Otegui J. B.,550,0
Souza J.,551,4
Gonzalez M.,552,4
Pena Lopez M.,553,0
Ramirez Hidalgo R.,554,1
Sekulic P.,555,5
Lock B.,556,17
Cui J.,557,0
Mu T.,558,0
Noguchi R.,559,5
Xiao L.,560,0
Zakharov A.,561,0
Santillan A.,562,7
Takahashi Y.,563,3
Xia Z.,564,1
Pavic M.,565,2
Wang C.,566,1
Niki T.,567,0
Marach O.,568,0
McNally J.,569,0
Mektic N.,570,0
Ficovich J. P.,571,6
Kestelboim M.,572,0
Rybakov A.,573,5
Ejupovic E.,574,1
Muniz Hidalgo A.,575,0
Pinnington Jones J.,576,0
Neff A.,577,0
Lawrence X.,578,0
Lim Y-K.,579,1
Foster-Estwick M.,580,0
Hong S. C.,581,5
Olivares J.,582,1
Murtaza M.,583,0
Khan A.,584,8
Cid Subervi R.,585,4
Hernandez-Fernandez J.,586,6
Smirnov A.,587,0
Scholtz N.,588,3
Akbar A.K.,589,1
Lama G.,590,4
Lewis H.,591,1
Leshem E.,592,8
Bulis M.,593,1
Lee J. M.,594,0
Escobar G.,595,1
Endara I.,596,0
Struvay E.,597,1
Peng H.,598,0
Lee K.,599,0
Chen T.,600,2
Brkic T.,601,2
Ungur A.,602,2
Kovapitukted P.,603,1
Trongcharoenchaikul W.,604,10
Cuevas M.,605,7
Maamoun K.M.,606,7
Diaz-Figueroa C.,607,6
Llanes F.,608,1
Arias B.,609,1
Michalski D.,610,1
Razborsek N.,611,1
Tamm K.,612,2
Tholl C.,613,1
Fetisleam E.,614,1
Knaff A.,615,6
Dima D.,616,1
Godamanna H.,617,11
Otico J. B. D.,618,1
Patrombon J.,619,1
Gonzalez W.,620,5
Zeballos F.,621,3
Nastasi U.,622,2
Przysiezny M.,623,0
Konigsfeldt C.,624,0
Habib H.,625,12
Urbanija M.,626,0
Nielsen F.,627,8
Raisma K.,628,2
Yang T.,629,1
Dissanayake S.,630,3
Gonzalez Retana R. E.,631,0
Chavez Luis D.,632,1
Kocevar-Desman T.,633,1
Mendoza A.,634,0
Ouahab L.,635,4
Echargui M.,636,5
Hess-Olesen S.,637,2
Ballout J.,638,0
Sibanda M. D. A.,639,1
Sabaliauskas A.,640,1
Saade M.,641,0
Borza B.,642,1
Hossam Y.,643,3
Susanto A.,644,1
De Silva Y.,645,4
Butts S.,646,1
Susanto D. A.,647,3
Fairbanks A.,648,0
Alvarado Larin A. E.,649,0
Ahouda A.,650,3
Dougaz A.,651,5
Garanganga T.,652,4
Frunza N.,653,1
Wong Hong K. J.,654,6
Tang J.,655,1
Althaf Dhaifullah M.,656,0
Hannestad B.,657,0
Aguilar J. C. M.,658,1
Hach Verdugo H.,659,2
Martinez L. D.,660,3
Rodriguez R.,661,11
Bratholm S. S.,662,1
Siimar K.,663,0
Yuksel A.,664,0
El Amrani R.,665,4
Niklas-Salminen P.,666,2
Neos E.,667,0
Tsivadze G.,668,1
Siimar M.,669,0
Chrysochos P.,670,16
Nadaf H. R.,671,5
Madanchi A.,672,1
Navasirisomboon J.,673,4
Rungkat C.,674,7
Vasa E.,675,1
Bandres J.,676,0
Hornby A.,677,0
Ivanov V.,678,5
Efstathiou M.,679,10
Khaledan S.,680,3
Britez B.,681,1
Zatar A.,682,4
Munoz-Abreu J.,683,1
Zitnik T.,684,0
Zemlja G.,685,2
Campbell N.,686,0
Vaise T.,687,0
Nguyen H. T.,688,1
Mednis R.,689,0
Abid M.,690,0
Ly Nam H.,691,14
Lim A.,692,3
Maqdes A.,693,5
Gonzales R.,694,2
Babelis T.,695,0
Libietis M.,696,0
Podzus M.,697,6
Al Ghareeb M.,698,3
Bationo A.,699,7
van Schalkwyk C. S.,700,3
Hamza Reguig S.,701,3
Klegou A.,702,14
Ouattara K.,703,0
van Schalkwyk C. H.,704,6
Sahtali T.,705,1
Agbo-Panzo P.,706,2
Makzoume Y.,707,8
Salim M.,708,0
Shelbayh A.,709,14
Kamaruzzaman N. S.,710,4
Trinh L. G.,711,8
Alkotop M.,712,9
Koay H. S.,713,4
Shah K. S.,714,1
Moundir A.,715,5
Dlimi Y.,716,5
Monnou S.,717,3
Njogu A.,718,1
Nguyen P. V.,719,3
Yazdani A.,720,3
Sinclair C.,721,14
Elyasi S.,722,1
Mainguy C.,723,5
Pham M. T.,724,1
Elias J.,725,0
Sigauque J.,726,0
Sleem R.,727,0
Alhogbani A. F.,728,2
Alhogbani S.,729,9
Lock C.,730,0
Hernandez Mariona K.,731,0
Perez B.,732,1
Bicknell B.,733,11
Flores J.,734,10
Abdul Salam R.,735,2
Phillips R.,736,15
Dominguez Collado J. S.,737,2
Quiros S.,738,6
Purtseladze S.,739,7
Avetisyan M.,740,2
Spasojevic A.,741,0
Khachatryan S.,742,5
Tkemaladze Z.,743,3
Peppard E.,744,0
Vallejo D.,745,9
Garay Ch.,746,0
Vergara del Puerto M. A.,747,1
Garcia I.,748,11
Lozano J.,749,0
Cungu R.,750,10
Srbljak G.,751,5
Ivanovski K.,752,7
Raicevic D.,753,0
Borba J.,754,3
Jovanovic P.,755,4
Bakshi A.,756,5
Rodesch C.,757,7
Hernandez Mariona K. A.,758,0
Al Allaf K.,759,7
Naw H.,760,2
Wong C.,761,8
Nilaweera C.,762,0
Qabazard E.,763,4
Zayed M. S.,764,3
Nawaf R.,765,1
Mubarak A.,766,0
Vu Ha Minh Duc,767,0
Naow A.,768,1
Yego I. K.,769,3
Rihane Y.,770,5
Mzai I.,771,13
Aissa Khelifa M.,772,1
Mata F.,773,3
Elsayed A.,774,4
Nhavene B.,775,6
Bagerbaseh J. A.,776,0
Makhlouf N.,777,5
Palm B.,778,0
Rodriguez M.,779,7
Roberts J.,780,2
Mallory R.,781,7
Navarro-Batles L.,782,1
Nunez P.,783,3
Ponte Suarez M.,784,2
Simons T.,785,3
Major K.,786,3
Obando A.,787,8
Lau C. R.,788,0
Arcila S.,789,3
Turcios K.,790,6
Sigurdsson E.,791,4
Magnusson A.,792,1
Vacherot V.,793,8
O'Hoisin O.,794,3
Arneodo R.,795,2
Elamin A.,796,1
Catarina L.,797,9
Calzi R.,798,4
Rakotohasy J.,799,2
Erasmus J.,800,5
Ranaivo T.,801,0
Celebic L.,802,4
Cheruiyot K.,803,2
Audu E.,804,0
Hassan M.,805,4
Ouakaa A.,806,6
Idoko E.,807,1
Mansouri S.,808,7
Strombachs R.,809,7
Diederich T.,810,0
N'tcha D.,811,4
Ng H. Y.,812,3
Alam S.,813,15
Weerasinghe S.,814,0
Thangarajah D.,815,0
Souri M.,816,0
Zayid M. S.,817,6
Esmail Yazdi H.,818,0
Vega Q.,819,2
Lunn J.,820,0
Maginley J.,821,9
Del Olmo T.,822,1
Elvin S.,823,0
Armbrister D.,824,0
Armstrong R.,825,0
Bendeck J.,826,2
Rivera Granja O.,827,9
Newman B.,828,6
Major W.,829,4
Nkwenti B.,830,6
Jacobs T.,831,5
Havugimana O.,832,1
Midzie D. N. D.,833,0
Habiyambere E.,834,2
Kotecha S.,835,7
Ubon J.,836,5
Emmanuel S.,837,5
Hounkpevi F.,838,2
Chevez J. D.,839,1
Espinoza W.,840,2
Hernandez Moreno O.,841,2
Galeano D.,842,1
Turnquest J.,843,1
Bird D.,844,2
Gardner K.,845,0
Long S.,846,6
Chin C. D.,847,1
Adas S.,848,1
Kim D.,849,0
Syed Naguib A.,850,1
Grabul D.,851,1
Skorilas A.,852,2
Zili M.,853,1
Gunnarsson B.,854,1
Lazov A.,855,1
Grinvalds R.,856,1
Nikoghosyan H.,857,1
Shypheja G.,858,0
Tsitsipas Pe.,859,4
Al Saad F.,860,1
Asciak M.,861,4
Vitcov A.,862,1
Cervos Noguer E.,863,3
Poux-Gautier J.,864,1
Dontu V.,865,0
Rocens M.,866,1
Sudzuka O.,867,0
Niyigena E.,868,1
Samaha G.,869,4
Kelley H.,870,1
Enosoregbe C.,871,1
Babalola A.,872,1
Chinamo T.,873,1
Ghezal Y.,874,2
Merzuki M. A.,875,2
Janahi F.,876,7
Alawadhi O.,877,9
Abdul Razak A. D.,878,1
Tidimane I.,879,0
Sibanda L. A.,880,2
Fakih N.,881,1
Yakpa M.,882,1
Al Mutawa J.,883,2
Diaz A.,884,4
Llompart A.,885,0
Estrada Y.,886,1
Felder M.,887,3
Maresca S.,888,1
Bicknell J.,889,2
Roca I.,890,2
Orazmuhammedov M.,891,2
Bun K.,892,12
Batjargal G.,893,0
Norbu P.,894,0
Krusling M.,895,1
Gyeltshen N.,896,0
Purevdorj U.,897,2
Rogusskiy Y.,898,9
Al Toobli F.,899,0
Camacho C.,900,5
Abdulaal H.,901,0
Caldwell M.,902,1
Batbayar K.,903,0
Hobbs R.,904,13
Alshati A.,905,1
Alabdullah B.,906,3
Okuhama D.,907,2
Ashraf Y.,908,0
Alqattan E.,909,0
Mirdzhaliev M.,910,4
Ali M. K.,911,0
Hossain M. R.,912,1
Kamchibekov I.,913,1
Fazeel A. F.,914,2
Al-Saedi A. M.,915,4
Hatem A. A.,916,3
Shiyam A.,917,1
Alansi G.,918,4
Sallam H.,919,1
Sydow P.,920,4
Bogelin C.,921,1
Louis W.,922,0
Sydow F.,923,3
Del Olmo L.,924,0
Mohammed N.,925,1
Finnigan J.,926,0
Turino O.,927,1
Murraine R.,928,0
Duke A.,929,0
Miller F.,930,0
Nwokolo E. P.,931,0
Cadogan J.,932,2
Lai Fat Fur L. A.,933,0
Igbinovia W. O.,934,0
Obiang Ondo L.,935,2
Iradukunda G.,936,1
Gatoto A.,937,0
Lam Hau Ching J.,938,1
Lebendje W.,939,2
Madueke N.,940,0
De Rossi M.,941,7
Degabriele A.,942,0
Galvani S.,943,2
Muedini M.,944,2
Mammetgulyyev I.,945,9
Kistanov K.,946,5
Al Suleimani I. A.,947,1
Qaed Y.,948,3
Abdulnabi H.,949,7
Alkhanjari M.,950,0
Diushembiev N.,951,0
Alhogbani A.,952,11
Moghimi S.,953,3
Abuzed Saber M.,954,2
Al Janahi A.,955,4
Badi A. H.,956,1
Janahi H. A.,957,3
Al Busaidi A.,958,1
Tep T.,959,0
Coulibaly E.,960,6
Aguma B.,961,2
Quitomina Z.,962,0
Ntomosso B.,963,1
Ostap D.,964,0
Andre F.,965,1
Mezenga Lentom C. G.,966,0
Tayebwa F.,967,2
De Luigi S.,968,0
Mjeshtri E.,969,2
Tsiang T.,970,3
Sylhasi F.,971,0
Oparaoji U.,972,3
Seetso D.,973,3
Biyamba Nzila A.,974,0
Bajraliu G.,975,3
Jadoun N.,976,3
Languina Y.,977,0
Mustafi M.,978,0
Teboh E.,979,2
Gelabert D.,980,2
Abdulnabi E.,981,6
Al Barwani A.,982,10
Roy S.,983,5
Al Nabhani M.,984,12
Bahadli A.,985,0
Lal S.,986,1
Stubbings M.,987,3
Sharifov I.,988,0
Enkhbaatar A.,989,0
Abdulloev A.,990,0
Ankhbayar T.,991,2
Mam P.,992,4
Orashev A.,993,3
Erdenebayar D.,994,2
Leuch V. F.,995,4
Dushi R.,996,0
Kranz T.,997,1
Siddall D.,998,3
Soghoyan A.,999,4
Rodeiro-Stetson R.,1000,1
Bothwell P.,1001,5
Carr S.,1002,9
Forster R.,1003,2
Agius D.,1004,1
Tommesani F.,1005,1
Khachatryan M.,1006,1
Vicini D.,1007,2
Cassar Torregiani M.,1008,0
Nortey I.,1009,2
Abban H.,1010,2
Holmes T.,1011,0
Uwizeyiman M.,1012,1
Lekang A.,1013,0
Al-Saady A.,1014,6
Thant A. M.,1015,3
Babak E.,1016,4
Oo Z. S.,1017,0
Rana M.,1018,1
Zainy B.,1019,0
Al Mayahi A. K. H.,1020,3
Wai T. M.,1021,5
Odinaev F.,1022,0
Charyyev H.,1023,0
Naing A. K.,1024,1
Umarov S.,1025,0
Dawani A.,1026,5
Lal D.,1027,0
Temuugei E.,1028,1
Gurbanov A.,1029,1
Munkhbaatar B.,1030,6
Oyunbat B.,1031,0
Rana M. J.,1032,0
Hossain F.,1033,0
Al Suleimani Z.,1034,0
Our S.,1035,0
Yakhyaev M.,1036,2
Makashin S.,1037,1
Al Rebdi F.,1038,1
Bapari M.,1039,0
Ajdukovic D.,1040,1
Galarneau A.,1041,3
Prizmic D.,1042,5
Middelkoop M.,1043,1
Mejia N.,1044,4
Milushev A.,1045,0
Barrientos N.,1046,2
Petrovic A.,1047,0
Sultanov K.,1048,2
Fomin S.,1049,2
Nam Ji S.,1050,1
Serdarusic N.,1051,7
Fayziev S.,1052,1
Krstin P.,1053,5
Valkusz M.,1054,3
Cagnina J.,1055,0
Khassanov R.,1056,0
De Bakker T.,1057,2
Zimonjic N.,1058,0
Buse I.,1059,1
Oliel Y.,1060,5
Cukierman D.,1061,4
Nedic A.,1062,0
Bueno G.,1063,1
Moeller E.,1064,2
Milev Y.,1065,0
Fule M.,1066,1
Fatic N.,1067,2
Cretu C.,1068,1
Holmgren A.,1069,6
Orlov V.,1070,2
Krutykh O.,1071,8
Alcocer L.,1072,1
Ozolins K.,1073,2
Uchida K.,1074,6
Rubio Fierros A. F.,1075,0
Huertas Del Pino C.,1076,1
Ramirez C.,1077,0
Heide G.,1078,0
Gaubas V.,1079,1
Ovcharenko O.,1080,0
Charoenphon Y.,1081,3
Samrej K.,1082,3
Huertas Del Pino A.,1083,1
Butvilas E.,1084,1
Pucinelli de Almeida M.,1085,6
Bielinskyi V.,1086,1
Alvarez N.,1087,2
Hellum Lilleengen L.,1088,1
Beloborodko I.,1089,0
Fernandez Flores D.,1090,1
Shoaib M.,1091,1
Boitan G. A.,1092,1
Dellien Velasco M. A.,1093,1
Carou I.,1094,1
Tabet R.,1095,0
Jianu F. C.,1096,3
Ibrahim H.,1097,0
Tverijonas J.,1098,0
Flores A. J.,1099,0
Duran D.,1100,0
Aguilar Cardozo J.,1101,1
Singh D.,1102,1
Ng K. L.,1103,1
Roncadelli F.,1104,0
Cruz C.,1105,0
Artnak B.,1106,2
Berkieta T.,1107,1
Sasikumar M.,1108,2
El Natour M.,1109,1
Becroft I.,1110,0
Pieczkowski O.,1111,3
Boblei F.,1112,0
Nguyen D. T.,1113,0
Marshall K.,1114,1
Kouame M. Y. H.,1115,0
Hatamleh K.,1116,0
Kriznik M.,1117,0
Tens D.,1118,0
Gandini A. J.,1119,0
Nesterov P.,1120,1
Lajal M.,1121,3
M Rifqi F.,1122,2
Roelofse R.,1123,1
Henning P.,1124,1
Dominko S.,1125,0
Ingildsen J.,1126,1
Sigsgaard C.,1127,1
Marek W.,1128,0
Kasnikowski M.,1129,1
Benchakroun A.,1130,1
Davlianidze N.,1131,0
Olivarez E.,1132,0
Trismuwantara G.,1133,1
Saborio J.,1134,0
Luna Lavidalie F.,1135,0
Pecotic M.,1136,5
Zhu E.,1137,1
Kuzuhara B.,1138,1
Brown P.,1139,0
Toledo B. P.,1140,0
Kozlov B.,1141,0
Bester P.,1142,0
Kopriva V.,1143,17
Shanan Al Harrasi I.,1144,0
Golubev A.,1145,0
Puetz T.,1146,2
Lopez-Perez E.,1147,3
Gabr A.,1148,0
McGee J.,1149,2
Little D.,1150,0
Hussey G.,1151,0
Konecny M.,1152,0
Bambridge L.,1153,1
Rocha H.,1154,2
Araujo P.,1155,1
Baldi F.,1156,6
Cacao T.,1157,0
Monteiro J.,1158,1
Gil F.,1159,1
Nikles J.,1160,3
Gerch L.,1161,0
Wenger D.,1162,0
Paul J.,1163,1
Jahn J.,1164,1
Gakhov I.,1165,6
Donati M.,1166,1
Michnev P.,1167,1
Landaluce M.,1168,0
Merida Aguilar D.,1169,0
Barroso Campos A.,1170,0
Neuchrist M.,1171,1
Ender P.,1172,0
Marti Y.,1173,1
Bodmer A.,1174,1
Eysseric J.,1175,3
Squire H.,1176,2
Moeller M.,1177,0
Topo M.,1178,6
Esteve L. E.,1179,0
Lane L.,1180,0
Hampel L.,1181,1
Welte M.,1182,0
Lenz J.,1183,6
Hildebrandt J. J.,1184,0
Gabriel N.,1185,0
Loof T.,1186,0
Martineau M.,1187,3
Niesten M.,1188,1
Doumbia S.,1189,1
Riba P.,1190,1
Molteni A.,1191,0
Neumayer L.,1192,3
Feldbausch K.,1193,0
Schwarzler J. J.,1194,0
Dutra Da Silva D.,1195,1
Kopp S.,1196,1
Thiem M.,1197,0
Hsieh C.,1198,0
Haim M.,1199,0
Linzer M.,1200,1
Fery A.,1201,0
Harris B.,1202,1
Corrie E.,1203,0
Kumar O.,1204,5
Cozbinov A.,1205,4
Panta J.,1206,1
Alvarez Valdes L. C.,1207,2
Smith K.,1208,1
Villanueva G.,1209,1
Descotte M. F.,1210,0
Sanchez Hirales O. M.,1211,0
Brymer G.,1212,1
Batalla Diez J. I.,1213,0
Grills J.,1214,1
Hank T.,1215,0
Song E.,1216,2
Llamas Ruiz P.,1217,3
Blanchet U.,1218,2
Lopez San Martin A.,1219,2
Jacquet K.,1220,1
Cornut-Chauvinc A.,1221,1
Michon A.,1222,0
Bennani R.,1223,1
Moro Canas A.,1224,1
Gimeno-Traver D.,1225,0
McCabe J.,1226,2
Rosenkranz M.,1227,1
Bonadio R.,1228,7
Lalami Laaroussi Y.,1229,0
Ahouda W.,1230,1
Matos R.,1231,0
Karlovskiy E.,1232,2
Zhurbin A.,1233,0
Gueymard Wayenburg S.,1234,0
Chazal M.,1235,0
Added D.,1236,0
Paris T.,1237,1
Furness E.,1238,2
Fassbender B.,1239,0
Duran G.,1240,0
Schott H.,1241,0
Geller A.,1242,0
Cobolli F.,1243,12
Delmas A.,1244,0
Diep F.,1245,0
Chidekh C.,1246,2
Olivetti A.,1247,0
Gutierrez-Ferrol S.,1248,0
Sharan D.,1249,0
Draxl L.,1250,0
Weekes J.,1251,0
Sigouin B.,1252,0
Leduc A.,1253,0
Krainik P.,1254,0
Stevenson K.,1255,0
Kachmazov A.,1256,2
Dubrivnyy A.,1257,2
Matsukevitch D.,1258,0
Zick C.,1259,0
Chung Y.,1260,2
Spizzirri E.,1261,1
Blumberg W.,1262,3
Weintraub A.,1263,0
Poling K.,1264,0
Krajicek A.,1265,3
Kingsley C.,1266,0
Ghedjemis R.,1267,3
Kadhe A.,1268,0
Harris A.,1269,0
Sureshkumar M.,1270,0
Myneni S.,1271,2
Pungliya J.,1272,0
Falla A.,1273,3
Lapentti G.,1274,1
Paz J. P.,1275,0
Ribeiro E.,1276,1
Boscardin Dias P.,1277,0
Alves M.,1278,0
Rodrigues N.,1279,0
Sorgi J. P.,1280,2
Maestrelli F.,1281,1
Agamenone F.,1282,6
Forti F.,1283,0
Fonio G.,1284,0
Gigante M.,1285,0
Balzerani R.,1286,0
Houkes M.,1287,0
Pontjodikromo S.,1288,0
Nijboer R.,1289,1
Sels J.,1290,0
Lootsma N.,1291,0
Ayeni A.,1292,0
Nunez D. A.,1293,0
Torres Fernandez B. I.,1294,0
Vernier M.,1295,0
Romboli F.,1296,0
Nunez V.,1297,0
Yamacita F.,1298,0
Zampieri C.,1299,1
Atmane T.,1300,3
Weber A.,1301,2
Palan D.,1302,2
Sun F.,1303,2
Zhou Y.,1304,0
Li H.,1305,0
Hua R.,1306,0
He Y.,1307,0
Donski A.,1308,1
Forejtek J.,1309,1
Ornago F.,1310,1
Tepavac M.,1311,1
Friberg K.,1312,1
Rodriguez C.,1313,1
Mridha J.,1314,1
Freund S.,1315,0
Renard L.,1316,1
Simonsson F.,1317,0
Avidzba A.,1318,2
Vasilenko A.,1319,0
Tiurnev E.,1320,1
Ignatik U.,1321,3
Elgin M.,1322,1
Rehberg M. H.,1323,0
Moraing O.,1324,0
Maute J.,1325,0
Petzschner P.,1326,0
Martin F.,1327,0
Barton M.,1328,3
Shimizu Y.,1329,3
Tanuma R.,1330,0
Imai S.,1331,0
Biljesko D.,1332,0
Torebko P.,1333,2
Barranco Cosano J.,1334,0
Kalender A.,1335,0
Langer N.,1336,0
Trusendi W.,1337,0
Sakellaridis S.,1338,1
Soares B.,1339,0
Pichler D.,1340,0
Kittay B.,1341,0
Escoffier A.,1342,2
Fenty A.,1343,0
Lawson A.,1344,0
Galloway R.,1345,0
Reyes N. A.,1346,0
Cerretani J.,1347,0
Thomas D.,1348,0
Hiltzik J.,1349,1
Koontz H.,1350,0
Bangoura S.,1351,2
Halebian A.,1352,2
Goetz R.,1353,0
Moser F.,1354,0
Kirchheimer S.,1355,2
Montes-De La Torre I.,1356,1
Walton A.,1357,0
Sarmiento R.,1358,3
Nguyen D.,1359,1
Baadi T.,1360,0
Zhao Z.,1361,0
Schoolkate T.,1362,0
Riffice S.,1363,0
Willis M.,1364,0
Dostanic S.,1365,0
Boyer T.,1366,0
Lamchinniah H.,1367,0
Walkin B.,1368,0
Addison A.,1369,0
Erel Y.,1370,0
Bellotti R.,1371,2
Iakovlev A.,1372,0
Jebavy R.,1373,0
Kudryavtsev A.,1374,0
Aitkulov A.,1375,0
Chopra K.,1376,0
Gromley C.,1377,0
Reinberg E.,1378,0
Gard C.,1379,0
Wattanakul P.,1380,0
Zielinski J.,1381,0
Oswald P.,1382,0
Jones G.,1383,0
Demoliner M.,1384,0
Matkowski M.,1385,0
Huey T.,1386,0
Gautier A.,1387,0
Brunold M.,1388,0
Dahlin M.,1389,0
Gutierrez O. J.,1390,0
Arvidsson I.,1391,1
Goransson A.,1392,0
Nagy P.,1393,0
Gomez F. A.,1394,0
Lindell Ch.,1395,3
Galarza J. I.,1396,0
Li W.,1397,0
Gao X.,1398,0
Tokuda R.,1399,0
Navone M.,1400,0
Tenti F.,1401,0
Krall L.,1402,0
Chakravarthi C.,1403,0
Zgirovsky A.,1404,0
Hidalgo D.,1405,1
Shyla Y.,1406,1
Park M.,1407,0
Zhyrmont D.,1408,0
Antonescu V.,1409,0
Echazu M.,1410,1
Yu Ch. Y.,1411,0
Ismailov T.,1412,1
Mashtakov N.,1413,0
Merino A.,1414,0
Arevalo R.,1415,1
Marrero J. E.,1416,0
Torres Garcia G.,1417,0
Chigaazira M.,1418,0
Wong C. H.,1419,0
Kilani Y.,1420,0
Shubladze V.,1421,0
El Mesbahi S.,1422,0
Ortiz Garcia J. E.,1423,0
Souto D.,1424,0
Arus R.,1425,1
Anker P. A.,1426,0
Beretta D.,1427,1
Hossein Zade M.,1428,0
Wachiramanowong K.,1429,0
Newman S.,1430,1
Andriamasilalao L.,1431,2
Oger T.,1432,2
Ternar T.,1433,0
Rakotondramanga A.,1434,3
Mugevicius L.,1435,1
Le Quoc-K.,1436,0
Alawadhi A.,1437,0
Tierro P.,1438,0
Ramazzini L.,1439,0
Williams S.,1440,0
Banzer R.,1441,1
Jdi M.,1442,0
Rastogi K.,1443,1
Rosenholm P.,1444,1
Li Hei Y. A.,1445,0
Sasongko A. H.,1446,0
Shahgholi A.,1447,0
Benchakroun M.,1448,1
Seda R.,1449,0
Shah K.,1450,0
Al Marzouqi A.,1451,0
Alfaraj A.,1452,0
Liew C. A. S.,1453,0
Sigauque A.,1454,0
Gomez J. G.,1455,0
Escurra Isnardi H. J.,1456,2
Markovski O.,1457,1
Snitari I.,1458,5
Bugarikj B.,1459,1
Botran Neutze R.,1460,0
Besimo G.,1461,0
Yedigaryan R.,1462,0
Mkrtchyan A.,1463,0
Abd Hazli I. D.,1464,0
Wijemanne T. S.,1465,0
Nawaf M.,1466,0
Karenzi B.,1467,2
Muhire J.,1468,0
Antwi S. A.,1469,1
McIntosh-Ross K. C.,1470,1
Sosa Rodriguez D. J.,1471,0
Rodriguez D.,1472,0
Nkrumah P.,1473,0
Delicata L.,1474,0
Etim P.,1475,0
Mohd S.,1476,1
Towlson N.,1477,1
Zuniga Mendoza G.,1478,1
Manders G.,1479,1
Paul C.,1480,0
Oringa D.,1481,0
Wouobong Ngoumtsa C.,1482,0
Bedminster C.,1483,0
Malcolm M.,1484,0
Selita G.,1485,0
Bulat M.,1486,0
Barbieri A.,1487,1
Zund S.,1488,0
Jauregui G.,1489,0
Matvievici E.,1490,0
Kalovelonis M.,1491,0
Stergiou I.,1492,0
Asatryan T.,1493,0
Mouhan A.,1494,1
Ghshuot M.,1495,1
Yasri H.,1496,0
Al-Aswad H.,1497,0
Ernepesov A.,1498,1
Pochay G.,1499,0
Alyamani M.,1500,0
Gatete H.,1501,0
Williams C.,1502,0
Pineda R.,1503,0
Whitter J.,1504,0
Simmalavong S.,1505,3
Llarenas D.,1506,3
Songbandith S.,1507,0
Rasavady V.,1508,1
Wangchuk T.,1509,1
Chansomphou X.,1510,0
Singye Dorji T.,1511,0
Abdullah A.,1512,0
Wong B. K.,1513,2
Ishaq A.,1514,0
Abdullah M. A.,1515,0
Guilleme J.,1516,4
Shamsi L.,1517,2
Marquez L.,1518,1
Germinal J. A.,1519,1
Gallegos A.,1520,1
Bendana F.,1521,1
Bass N.,1522,0
Kebede Y.,1523,1
Kamdem B.,1524,2
Andre S.,1525,1
Mohammed A. N.,1526,0
Nkwain C. W.,1527,1
Azizov T.,1528,3
Bonifacius R.,1529,1
Gasimov K.,1530,0
Trilla Clanchet J.,1531,0
Baatar O.,1532,0
Puntsag S.,1533,0
Hussein N.,1534,1
Abdulnabi A.,1535,1
Cazac M.,1536,0
Watat Njanga L. S.,1537,1
Dieng H.,1538,0
Gorban A.,1539,0
Sargsyan N.,1540,0
Hashimov E.,1541,0
Ogombe P.,1542,0
Biboussy D. F.,1543,0
Sulstarova A.,1544,0
Monteiro N.,1545,0
Cajigan C.,1546,2
Urumbaev F.,1547,2
Suwaed A.,1548,0
Sukhbaatar S.,1549,0
Batirbekov E.,1550,0
Hossain M.,1551,0
Bytyqi B.,1552,0
Zulji M.,1553,0
Simoncini T.,1554,0
Muro-Loscertales J.,1555,1
Mokobo A.,1556,0
Gurbanberdiyev G.,1557,1
Huynh J. P.,1558,1
Mukhidinov F.,1559,0
Kotlyarevsky G.,1560,0
Mukhudinov A.,1561,0
Tsogt O.,1562,0
Surotin D.,1563,0
Kaukovalta P.,1564,0
March A. C.,1565,0
Ostapenkov D.,1566,1
Szintai D.,1567,0
Borsos G.,1568,0
Balaji N. S.,1569,0
Bojanovic D.,1570,0
Karimov J.,1571,1
Bossel A.,1572,0
Budkov Kjaer N.,1573,0
Huang T.,1574,0
Andrade A.,1575,0
Agwi M.,1576,0
Guillen Meza A.,1577,1
Arutiunian E.,1578,0
Patael B.,1579,0
Murray F.,1580,1
Gannon C.,1581,1
Azar D.,1582,0
Jones M.,1583,1
Seeman J.,1584,1
Badenhorst D.,1585,0
van Wyk K.,1586,0
Bertran P.,1587,1
Beckley A.,1588,0
Prado Angelo J. C.,1589,0
Garcia R.,1590,0
Bassem Sobhy M.,1591,0
Kurniawan L.,1592,0
Wibowo T.,1593,0
Bu Y.,1594,1
Barki N. A.,1595,0
Cronje L.,1596,0
Christodoulou S.,1597,0
Kupfers R.,1598,0
Miralles L.,1599,0
Lamas Villarroel F.,1600,0
Ncube T.,1601,0
Badra D.,1602,0
Manusis E.,1603,0
Barki J.,1604,1
Troost S.,1605,0
Glinka D.,1606,1
Kai W. Y.,1607,0
Yeung P. L.,1608,0
Lam C.,1609,0
Haerteis J.,1610,1
Krawcewicz K.,1611,0
Melo M.,1612,0
Whitehouse M.,1613,0
Cox D.,1614,0
Maxted L.,1615,0
Jaloviec M.,1616,0
Gray J.,1617,0
Basso A.,1618,0
Cabral F.,1619,0
Baltensperger R.,1620,0
Weis A.,1621,0
Margaroli L.,1622,0
Guttau N.,1623,0
Deckers A.,1624,0
Baker B.,1625,1
Sieber M.,1626,0
Zelenay I.,1627,0
Parker S.,1628,0
Lemaitre L.,1629,0
Gomez J. S.,1630,0
Bravo E.,1631,0
Reyes-Varela M. A.,1632,0
Magadan A.,1633,0
Sau Franco A.,1634,0
Darras M.,1635,0
Plans J.,1636,0
Semmler M.,1637,0
Ktiri M.,1638,0
Saadi I.,1639,0
Chakrouni A.,1640,0
Tifnouti T.,1641,0
Legout T.,1642,0
Marti J.,1643,0
Damm M.,1644,0
Kodat T.,1645,0
Kirkov V.,1646,0
Monette S.,1647,0
Manji R.,1648,0
Florig P.,1649,0
Angele J. F.,1650,0
Lin J. M.,1651,0
Smith R.,1652,0
El M. A.,1653,0
Kushnirovich G.,1654,0
Khan S.,1655,0
Vardhan V.,1656,0
Ponce C.,1657,0
Fonseca J.,1658,0
Reis Da Silva J.,1659,0
Pereira J.,1660,0
Ferrari G.,1661,0
Gaedechens M.,1662,0
Ursu V.,1663,0
Teisen Pereira G.,1664,0
Sa A.,1665,0
Donev G.,1666,0
Sidorenko A.,1667,0
Eriksson S.,1668,0
Yitbarek S.,1669,0
Terczynski M.,1670,0
Monroe N.,1671,0
Nakagawa N.,1672,0
Mochizuki Y.,1673,0
Uesugi K.,1674,0
Brkic J.,1675,0
Poljicak M.,1676,0
Savin R.,1677,0
Seelig K.,1678,1
Trotter J. K.,1679,0
Colby R.,1680,0
Maciag R.,1681,0
Shane R.,1682,0
Matosevic M.,1683,1
Farren C.,1684,0
Spencer W.,1685,0
Gooch D.,1686,0
Moroni F.,1687,0
Zlobinsky J.,1688,0
Sell K.,1689,0
Mo Y. C.,1690,0
Dong B.,1691,0
